clean,perturbed
montgomery,montgomery
value,VALUE
distinct,Distict
prevention,preventioп
scientific,scienti㎌ic
walt,wat
committee,commitţee
racks,racs
newly,Newilly'
grocery,gɾøcȇrý
composition,Compston
patent,pattent
florida,flerta
architecture,architecturee
boxes,Boxes
performance,ҏerfoпѫańcө
seventh,setnevh
helps,hElPs
chart,cħařₜ
maker,ɰäNeѓ
cabinets,càbînets
emily,emil\y
uncle,UNKLE
herbs,hɞrbɞ
formatting,formattings
chemical,chemikall
beyond,beyand
distributor,ȡӥştri℔uťȭɾ
reduces,reduc3s
phonetic,pgonetic
discharge,dischargew
nokia,nok#ia
turned,Turned
assign,asisgn
direct,direkt
bastard,basturd
afterwards,afterwardso
together,tögetͪer
businesses,bʊsinƽsseѐ
packs,Pacs
employer,imployer
ministry,MINISTRY
patient,pantient
body,boday
revolution,revoltion
synopsis,ßynopsis
mess,meess
hard,fard
grams,gramms
simulations,simmuleytiones
libs,libse
several,several
county,county
skirt,Sckirt
incorrect,",in,correct"
newman,Newmana
dispatch,DISPATCH
january,janu]ar)y
dancing,dāncing
signing,sining
chrysler,Chessler
juice,j#ui^c/e
campus,vampus
eligible,elegeable
voltage,veoltassi
dentists,dentists
atmospheric,athmospheric
pharmacy,pharmaci
conscious,ćonsℂìøus
circuit,carcuit
accidents,acɛiбentɛ
quiet,quiɘʥ
sunshine,sunshine
customized,customlzed
camping,campings
communist,communiste
worthy,wrhtoy
reprint,rerint
victim,victium
switches,sѠżtcǹeƶ
wiring,wireing
approval,aproval
hair,heair
invoice,invaice
marcus,:m}arcus
crewe,cre;we
vital,Vital
investigation,investigatiön
hormone,hormonen
trout,troute
mitchell,mitchell
glass,glasse
depth,ɹepth
store,stre
peterson,petarsokn
break,brek
statutory,statuatory
direction,directiօn
schedule,scheeduele
york,yorc
burke,zɓrкɵ
particularly,partically
edition,eàiҽion
bucks,bucks
maintain,mɐinₜaិn
connections,ćonnᴈcͭiòns
bracket,℔raćkeț
matters,mattrrs
ensemble,Ensamble
commonly,comunali
decisions,deℂīᵴionß
computers,ccmpǔtȅrs
trout,ƫoɛuί
sparc,spэrc
defined,ddefined
required,rѐңuirëd
keeping,keepiŕg
revealed,ѓėvɞǟlέd
article,Articel
vaccine,vqccine
highest,hbysiets
hindu,HINDU
identify,idenntiphy
quote,quotet
wire,wrie
architects,arćhitecțs
bench,bencₕ
britannica,britanneka
paying,pianyg
legacy,l(egacy
heritage,Heritage
unified,uniffled
predict,preddikt
books,boock
texture,teecture
taking,TAKING
forgot,forgor
occur,ocucr
enjoying,enjoyinℊ
teams,teamp's
level,leveel
simulations,simulayions
snapshot,snapshat
info,infog
diseases,diseasesp'sw
criteria,crittiary
decorative,decoruteive
fellowship,f<e*llo'w&ship
panama,pẴⁿaɰa
cambridge,oáʍbŕidge
terrorists,terroristas
focusing,focusing
whats,WHARS
table,tãɓle
routing,Rotting
license,licnse
frequently,fereckuendtly
sandwich,Sandwiche
article,Articel
globe,Glebe
