clean,perturbed,source
zdnet,ZDNet,anthro_phonetic
souls,sȭʁlͼ,ices
livecam,livecam,anthro_phonetic
authorized,autorized,zeroe_typo
alarm,ǟlärₘ,dces
capable,capabᥧe,legit_extended
cliché,Cliché,anthro_phonetic
immigrants,]i$mm?igr{ants,zeroe_noise
addition,addintion,zeroe_typo
blank,ɛƚank,ices
scotia,ԍootıa,ices
lincoln,linkeln,anthro_typo
innovation,ioaiotnvnn,zeroe_noise
controversial,controversial,repeated
islands,is_lan`ds,zeroe_noise
televisions,tteluwisions,phonee
mixture,mickstereu,zeroe_phonetic
spain,Spania,zeroe_typo
parents,parents',zeroe_typo
referrals,rоƭerԻaǣs,ices
jelsoft,ĵelsoft,dces
structures,ßtruℂtǘreₛ,dces
broadcasting,broascasting,zeroe_typo
occurring,occuring,zeroe_typo
conditioning,conditionning,anthro_phonetic
cells,Cells,anthro_phonetic
crest,cressedb,zeroe_phonetic
fitting,fittibg,zeroe_typo
psychiatry,pɵyëhiatny,ices
acre,acr;e,zeroe_noise
stick,STICK,anthro_phonetic
shake,shake,repeated
blended,lended,zeroe_noise
allied,allied,repeated
speak,spaak,anthro_typo
brain,braind,zeroe_phonetic
parts,parts,repeated
blues,blues,legit_extended
felt,fe།t,legit_extended
jill,jiEo1,anthro_typo
tomatoes,Tomatos,zeroe_typo
abroad,ėⱰɦŏėd,legit_extended
jamaica,Jamiaca,anthro_typo
kinase,kinase,anthro_phonetic
chamber,çЮæmber,legit_extended
interval,Interval,anthro_phonetic
understood,u∩ᶁeᛚЅŧoOd,legit_extended
attending,attending'sw,zeroe_phonetic
self,sself,phonee
global,globall,phonee
latex,LaTeX,anthro_phonetic
rapid,rapid,repeated
sacramento,"""sac'ra}mento",zeroe_noise
neither,neigthe,zeroe_typo
society,socjety,anthro_typo
lies,lyes,zeroe_typo
timer,tímer,dces
input,ienput,phonee
river,rive~r,zeroe_noise
rocks,ROCKSSS,anthro_phonetic
jewellery,juidlery,zeroe_phonetic
graham,grahem,anthro_typo
published,publishd,anthro_phonetic
papua,p(apua,zeroe_noise
typical,typicial,anthro_typo
grâce,grâce,anthro_typo
processing,pricessing,zeroe_phonetic
defence,defaence,phonee
shelter,sholder,anthro_typo
lounge,ɭounge,dces
illustrated,iolkctrated,zeroe_typo
click,click,repeated
industries,[[Industrie,zeroe_typo
ferry,feari,anthro_typo
world,wϭrǐd,ices
nepal,Cenple,zeroe_phonetic
bikes,bbikes,phonee
protective,prvcetitoe,zeroe_noise
adequate,adequâ߅e,legit_extended
privacy,privacity,zeroe_typo
roommate,rwommate,zeroe_phonetic
tobacco,tobacco,anthro_phonetic
burns,bharn's,zeroe_phonetic
murder,murdeɼ,dces
lange,ʓaŕge,ices
adams,ӭdӭmᵴ,legit_extended
shake,shakē,dces
lover,lover,repeated
equipment,euqimpent,zeroe_noise
latinas,lationh's',zeroe_phonetic
knock,knock,repeated
predictions,previctions,zeroe_typo
border,bdoerr,zeroe_noise
swingers,вŵΙԻgɛrӟ,ices
venture,VENDRE,anthro_typo
speeches,sp@eeches,zeroe_noise
porter,poreder,phonee
vera,vera,repeated
thirty,ThIrTy,anthro_phonetic
update,updte,zeroe_noise
year,yearied',zeroe_phonetic
previews,ₚɍeviɇᴡš,dces
promoted,promouted,zeroe_typo
apparatus,apparatuჽ,legit_extended
merely,mereley,anthro_typo
gravity,gvtraiy,zeroe_noise
continent,Continent,anthro_phonetic
solar,soĺaɾ,dces
delaware,delawer,zeroe_phonetic
cornell,cornal',zeroe_phonetic
treating,ₜřeatɪnɢ,dces
cute,qute,zeroe_typo
aurora,aurora,legit_extended
harmful,harmfull,zeroe_typo
footwear,fooţᴡear,dces
know,სɧo⩅,legit_extended
weapon,weapen,phonee
insider,insidef,zeroe_typo
topics,tppics,zeroe_typo
exterior,exterier,zeroe_phonetic
examples,exemplos,anthro_typo
sterling,STERLING,anthro_phonetic
irrigation,Irrigation,anthro_phonetic
cart,cǡrt,dces
freeware,freeware,legit_extended
discourage,dis□οuⱚჴge,legit_extended
would,ẉoulᎠ,legit_extended
encryption,encriptación,anthro_typo
selecting,selecŧîƞg,dces
agreed,agɍᵋed,dces
arctic,arcticc,zeroe_phonetic
increasingly,increasingly,repeated
mutually,miudtually,phonee
inner,i?nner,zeroe_noise
secure,secre,anthro_phonetic
favor,ffavor,phonee
duke,dukev,zeroe_phonetic
publicly,pūblicly,dces
zoloft,zoloff,zeroe_typo
laugh,lauf,phonee
greece,Grance,zeroe_typo
antiques,anttiques,phonee
spring,springingh,zeroe_phonetic
garcia,quargiay,zeroe_phonetic
occupation,вȱόϋpätϫon,ices
mate,meate,phonee
cancelled,cancelledu,zeroe_phonetic
suggest,suggest,repeated
others,otheers,phonee
minnesota,minessota,anthro_typo
directive,directiveles,zeroe_phonetic
gnome,nome',zeroe_phonetic
delivery,фeliveႰy,legit_extended
hidden,hidden,phonee
ambivalent,äψbiѳalĕnt,ices
then,t>he.n,zeroe_noise
galleries,Galerius,anthro_typo
memo,խʚmͼ,ices
inherited,inhereted,anthro_typo
boss,BoSs,anthro_phonetic
needle,needle,anthro_typo
isbn,isbn,anthro_phonetic
assets,assetc,zeroe_typo
delivered,deᷝivĕɍed,dces
loaded,loadeed,phonee
skype,kype,zeroe_noise
artwork,artwyrk,zeroe_phonetic
confused,"c.o,nf;us(ed",zeroe_noise
secret,secrret,phonee
drilling,dr;lliԵģ,ices
repository,repazitorry,phonee
platinum,pletynum,zeroe_phonetic
earrings,Earings,anthro_phonetic
bridges,bridges,anthro_phonetic
chick,chcik,zeroe_noise
lindsay,Klindy'sl,zeroe_phonetic
missouri,missouri,anthro_phonetic
whiskey,whwiskey,phonee
standard,sdtranad,zeroe_noise
rendered,ȓendered,dces
façades,façsdes,zeroe_typo
grâce,grâce,repeated
prediction,pṞeņղctio๓,legit_extended
swiss,Switss,zeroe_typo
stayed,staed,zeroe_noise
somewhat,someehat,anthro_typo
continually,conͳinuaӀly,ices
unique,unique,phonee
oldest,o↨טest,legit_extended
spank,spẪnǩ,dces
voyeurweb,Ҍoӥeurweb,ices
interim,inteгim,ices
thru,trhu,zeroe_noise
taxi,taxsi,phonee
murray,mυɾraⴣ,legit_extended
minority,mainoritey,phonee
continues,centuinos,zeroe_noise
anyway,anyway,repeated
generous,GENERIS,anthro_typo
distinction,ɗǐšₜᶖnctiôn,dces
forward,forψa¤d,ices
corruption,forrkption,zeroe_typo
invest,inveаt,ices
steps,Steps,anthro_phonetic
throughout,throuwet,zeroe_phonetic
printed,Printed,anthro_phonetic
katrina,katrina,anthro_phonetic
heel,heele,zeroe_phonetic
guard,gḸӨբὉ,legit_extended
deutsche,deutsh,phonee
sexuality,sextiooaliti,phonee
aims,aims,legit_extended
ordering,Ordering,anthro_phonetic
servicemen,sarvacemen,phonee
surveys,ₛurvĕyₛ,dces
urls,uls,zeroe_noise
usps,USPs,anthro_phonetic
postal,postel,anthro_typo
deer,dwer,zeroe_typo
atomic,atomicc,zeroe_phonetic
friendly,Friendly,anthro_phonetic
deeply,dreeply,zeroe_typo
venezuela,ᴠeneżùela,dces
depending,deດөnϕⵊng,legit_extended
settle,ɔetŧle,ices
handle,handle,anthro_phonetic
stops,stops',zeroe_phonetic
fiancé,fiånce,dces
balance,balanc,phonee
strain,sirtan,zeroe_noise
commons,coѻψõos,ices
david,DAvid,anthro_phonetic
modules,moduls,zeroe_noise
sink,sǐnĦ,ices
dealers,Ὁealeᒋⴃ,legit_extended
telecom,Telekom,anthro_typo
const,coⁿst,dces
drinking,drչnkin¤,ices
evaluated,evaliuaitad,phonee
wiltshire,wiífshirϲ,ices
sentence,senctence,zeroe_typo
parks,parkes,zeroe_phonetic
corner,corner,anthro_phonetic
password,pass[w!ord,zeroe_noise
superb,śuperb,ices
lopez,ıopez,ices
batch,batch,repeated
anthony,anthøⁿy,dces
wednesday,wendsaded,zeroe_phonetic
hungarian,hunggerian,phonee
curve,cuϧve,ices
climbing,climbing'sp,zeroe_phonetic
cave,cåve,dces
relate,realate,anthro_typo
player,play*er,zeroe_noise
sanford,sanfired,zeroe_phonetic
streams,streeams,phonee
findings,fingdings,zeroe_typo
jenny,jienny,phonee
calgary,calgaʵy,dces
pure,ₚure,dces
planned,υΊanneƌ,ices
addresses,äadrөsses,ices
truth,turth,zeroe_typo
mexico,ຫѳⲭiᴏὸ,legit_extended
affects,aefctfs,zeroe_noise
quotations,quotatians,zeroe_phonetic
proof,իrooʻ,ices
scholarship,scholarshipf,zeroe_phonetic
deserve,dɞɢɞήve,legit_extended
reliance,reבia∩Ꮯɐ,legit_extended
iowa,Iowa,anthro_phonetic
doom,doom,repeated
trustees,truatees,zeroe_typo
nursing,nunsirg,zeroe_noise
responses,RESPONSES,anthro_phonetic
plumbing,plumbing,anthro_typo
acute,adkte,zeroe_typo
modified,modifieid,anthro_typo
tankōbon,tankōbon,anthro_phonetic
menu,munee,zeroe_phonetic
church,church'sl,zeroe_phonetic
persecuted,porsecyueded,phonee
berkeley,berkɝley,dces
mirror,mƚԻroɾ,ices
indexes,inɺexes,ices
featuring,featuring,anthro_phonetic
senior,ԑєnior,ices
registry,regiͼtry,ices
peoples,PEOPLES,anthro_phonetic
broke,boe,zeroe_noise
killer,killer,anthro_phonetic
meditation,meditàtion,dces
associate,associayt,phonee
shannon,shannon,legit_extended
rough,Rosch,anthro_typo
blvd,bvld,zeroe_noise
market,Жaɼket,ices
taxation,taxation,repeated
step,ₛțĕp,dces
only,olny,zeroe_typo
headquarters,ₕeadqȕàrtēɽs,dces
tongue,toungue,anthro_typo
hardware,hardwares,zeroe_typo
high,hisgh,anthro_typo
croats,croat's,zeroe_phonetic
seasons,ś⋾asṉᒕś,legit_extended
nostalgic,ƞȫstalgic,dces
whilst,Whomst,anthro_typo
nail,naip,zeroe_typo
shelf,Shelf,anthro_phonetic
galaxy,gaƚaxý,dces
smithsonian,smitsonian,zeroe_noise
twisted,twïɔted,ices
instruments,i<nstru#ments,zeroe_noise
hostel,hotesl,zeroe_noise
healing,гeaĨing,ices
participate,participantjoe,anthro_typo
lookup,lookp,zeroe_noise
disposition,dispositioneven,anthro_typo
yield,yieled,anthro_typo
beam,beim,anthro_typo
wellington,wellingtonian,anthro_typo
directed,diracteed,phonee
math,māth,ices
kingston,kington,anthro_typo
wanting,wa/nt:in;g,zeroe_noise
affiliate,ffiliate,zeroe_noise
population,poplation,anthro_phonetic
oracle,orachley,zeroe_phonetic
certain,certain,repeated
scared,scared,repeated
hdtv,HDTV,anthro_phonetic
apollo,apoƚľo,dces
meta,ҖéҾa,ices
scheduled,scheduledg,zeroe_phonetic
crucial,cauricl,zeroe_noise
financing,finahcing,zeroe_typo
threatening,tṅᴦeatenḭnς,legit_extended
growing,groʷing,dces
server,servir,anthro_typo
strict,strIght,anthro_typo
publisher,pu℔liśhĕŕ,dces
plane,Ơ[ane,legit_extended
surprised,surpirsed,anthro_typo
valentine,Ɣalenţinɵ,ices
reed,reɞd,ices
matrix,màtrix,dces
webster,webster,repeated
effort,ê㎌fort,dces
achievement,aϹhŀēvēmēnt,legit_extended
perfume,perfume,legit_extended
spanish,sₚaⁿℑ㎮h,dces
nobody,ϧobòօy,ices
signatures,SIGNATURES,anthro_phonetic
guide,guide,legit_extended
opening,openinged',zeroe_phonetic
corporations,corporationis,zeroe_phonetic
make,make,legit_extended
exports,eₓports,dces
treated,treatad,phonee
adams,adams,repeated
nasty,Naugty,anthro_typo
threshold,┧ƕreshold,legit_extended
primary,ҏrlmaпп,ices
enemies,enemis,phonee
driven,drriven,phonee
ware,waje,anthro_typo
pricing,PRICING,anthro_phonetic
bibliography,bշȯliogԦaρhy,ices
advised,adɵiseձ,ices
beverage,beувnөᏼe,legit_extended
python,python,legit_extended
municipality,municipality,anthro_typo
souls,souls,repeated
remind,remaind,zeroe_typo
cream,caerm,zeroe_noise
nebraska,nëbɾáskȁ,dces
located,lockateed,phonee
hazard,hezeὴό,legit_extended
sand,sande,phonee
kept,ќepͲ,ices
gamma,ga%mma,zeroe_noise
possessing,ƞbzsɵsəing,ices
helping,helpin,zeroe_noise
machinery,ma~chi:ner(y,zeroe_noise
portal,Portal,anthro_phonetic
voters,oters,zeroe_noise
databases,daytabasis,phonee
mail,máil,dces
scan,ssan,zeroe_phonetic
cincinnati,ssinnation,zeroe_phonetic
approach,appreoach,phonee
moderators,k0derators,zeroe_typo
organisation,orgganizatian,phonee
experiments,expeɾiments,dces
placement,placement,anthro_phonetic
thoroughly,Ⴕh០r០ugh⏌y,legit_extended
conf,Conf,anthro_phonetic
café,café,phonee
boots,bootc,phonee
fielded,fileted,anthro_typo
reproduce,reprodeooce,phonee
german,germany,zeroe_typo
influence,influence,repeated
dealing,déā⥙ḯnℊ,legit_extended
expressed,e✘presᵴed,dces
work,Wook,anthro_typo
simon,ₛimoñ,dces
queens,ɋuєenś,ices
trusts,rrusts,zeroe_typo
maintaining,maintainingg,zeroe_phonetic
focuses,focុśĕs,dces
blackberry,BlessVery,anthro_typo
flow,fllow,phonee
loan,l๐an,legit_extended
cleveland,cleveland,anthro_phonetic
hearing,Ւeariիg,legit_extended
decide,decide,legit_extended
retro,refto,zeroe_typo
desert,deastre,zeroe_phonetic
prototype,Prototyope,anthro_typo
cellular,čзƚ˼ular,ices
integrate,intebrate,zeroe_typo
university,univerisity,anthro_typo
highlights,HIGHLIGHTS,anthro_phonetic
already,ãlrêady,dces
associations,aoitniaocsss,zeroe_noise
speaks,speks,anthro_phonetic
programmer,ₚɽogŗammer,dces
registrar,ritgasrer,zeroe_noise
limited,limites,zeroe_typo
recognize,reco>g@nize,zeroe_noise
genres,"g|e,nres",zeroe_noise
dōjin,dōnim,zeroe_typo
referral,ᖌefeᖌrƌl,legit_extended
playing,plaaaying,anthro_typo
scenic,Nessie,zeroe_phonetic
frame,frdme,ices
subscriber,ssubccribeer,phonee
joshua,Jeshoo,zeroe_phonetic
library,Libriry,zeroe_typo
setup,sestup,phonee
liable,liaоÌė,ices
silk,si⎫k,legit_extended
sulfide,ssulfide,phonee
economy,econamy,zeroe_phonetic
somewhere,somewehre,anthro_typo
meetup,meeᶂup,legit_extended
humor,ʜumor,dces
cdna,CDMA,anthro_typo
superior,s#u!peri$o!r,zeroe_noise
clinic,clinneic,phonee
viewpicture,viewpicture,anthro_phonetic
publication,publecaschonn,phonee
guestbook,gues5book,zeroe_typo
recommend,remend,zeroe_typo
males,males,legit_extended
pregnant,pregnant,repeated
lifestyle,lifestyle,legit_extended
homes,homez,phonee
treat,treate,zeroe_typo
draws,Drows,anthro_typo
imagination,imagiNation,anthro_phonetic
walter,waltèr,dces
transmit,ransmit,zeroe_noise
purpose,purpesse',zeroe_phonetic
lamb,l(am>b,zeroe_noise
observation,ɔbsɵԻvзtïoс,ices
settlement,setͭ℔emeⁿt,dces
mystery,MYSTERY,anthro_phonetic
surprise,süɾøʙise,ices
française,fʀançaįse,ices
supplemental,suφplemᏼntჴɭ,legit_extended
rage,rag3,zeroe_typo
slightly,slightly',zeroe_phonetic
having,;ha+vin(g,zeroe_noise
nearby,nėarḅy,legit_extended
citations,citaͰionԑ,legit_extended
trial,treal,anthro_typo
writings,writtings,phonee
caribbean,Caribeans,zeroe_typo
bill,bibl,zeroe_phonetic
guest,Guets,zeroe_typo
strongly,ɐѬroրͶīy,ices
header,Header,anthro_phonetic
courts,ℂouȓts,dces
penalties,bθ♄al≮≀e౩,legit_extended
called,cawild,anthro_typo
loans,loan'st,zeroe_phonetic
staffing,5Ⰰὲᵰᵰiɼg,legit_extended
appeals,APPLES,anthro_phonetic
patricia,atricia,zeroe_noise
humanity,huamnity,anthro_typo
logitech,loiget,zeroe_phonetic
taste,tǝsțe,legit_extended
limits,oimits,zeroe_typo
surrey,surrry,zeroe_typo
podcast,podqastt,phonee
atom,ǎₜơm,dces
