Perturbed Word,Original Word
řθ०Ըg♄ize,recognize
adequate,adequate
humaƽĺtȦ,namaste
ₛpaɪn,spain
Íɷɷeſ,lower
souls,souls
Gobal,global
evalhated,evaluated
LINDSEY,lindsay
smȋthsoᶇiaᶇ,smithsonian
secrtet,secret
possessingi,processing
ssurveys,surveys
stereucturess,structures
organ9sagion,organization
wirled',whirled
sowls,souls
Loan,loan
st(e)ps,steps
influence,influenze
Hazzard,hazzard
climbimg,climbing
laught,laugh
bikec,biker
sprong,spring
diliverred,delivered
jelsoft,gelsoft
Guard,guard
limïŧs,limits
tichmer,timer
ρassผorԀ,password
corporategifts,corporategifts
đeeʶ,deer
accupation,occupation
hardᷱaɍe,hardware
nՍᶯᏚıņⲂ,nonsense
stopis,stops
shannon,shannon
pӏuփсinȵ,plantain
modifieԀ,modified
opoining,opinion
vokeerb,voker
duse,dose
islanɖs,islands
brǭadcasting,broadcasting
f.ow,flow
Beverage,beverage
noots,roots
garcha,garcha
lover,lover
GUIDE,guide
Referral,referral
grâce,grace
zd)ne't,zedne't
re;ositorg,repository
hdt$v,hdtv
murray,murray
ѡarë,wear
capable,capable
CITATIONS,citations
ɍetŕo,retro
wგຕɬiຕg,wyoming
puvlicayion,publication
ԑɫackɵέѓry,blackberry
sattolement,settlement
drawė,draw
hldnae,handle
joschka,joshua
հօsʈeı,hostel
tcoacbo,tobacco
pproggrammer,programmer
sexuaoity,sexuality
chorych,church
unic,unix
privacƴ,privacy
gnome,gnome
genercuɜ,generous
iɵńɛÞɨʈed,indebted
ȷaʍaiԑa,jamaica
cornwall,cornwall
Jnny,junny
venճurο,venture
:p%op)u:l+atio}n,population
ecpeariments,experiments
abmivalemenc,ambivalent
Dealers,dealers
cerve,curve
feLt,felt
tɾüsțĕeſ,trustee
fooedwear,footwear
twistedl,twisted
LIFEstyle,lifestyle
scen,scan
invescedf,invested
ibsn,isbn
wċrk,work
cnf,cnf
strfams,streams
bօam,boat
ᶖnstr∪mᶒnƫs,instruments
քƚelȧeȫ,plateau
ʚřḂჄ≀≮⩄,arbitary
scenic,scenic
lSmb,ismb
Devence,deviance
aƼsociations,associations
soѨeփheȑб,superhero
schake,shake
scitk,stitch
Abord,abort
nэiₜhĕr,neither
langfe,language
ennemies,enemies
efforght,effort
iterval,interval
LATINUS,latinos
Parris,paris
preveius,previous
discourage,discourage
integȓåțe,integrate
delawere,delaware
click,click
strićſ,strict
certain,certaon
lownge,lounge
Ꮭ⩂nt⍸nƜᰀs,continues
veapon,weapon
hıӎh,hymn
publishd,published
truᴛh,truth
continuallype,continually
bibliographyp,biblography
ӟʚԵra☮enⱦỏ,contraband
^e.ar&ri$ng~s,earrings
iɴsìder,insider
setu-,setup
surprisee,surprise
ŀibɍₐry,library
anethony,anthony
camcelled,cancelled
lįncօlb,lincoln
r|e$spons-es,responses
naℑl,nasal
forwarked,forwarded
sesons,seasons
medatatien,meditation
ͳerπy,terry
wհīlsƤ,whilst
ₛurrey,survey
diavd,david
ḟhen,then
nostilegik,nostalgic
Deutch,dutch
atomm,atom
clinnic,clinnic
caΊleo,cello
Сrḙ⊟m,cream
}thir'ty,thirty
WoULd,would
orakele,oracle
superbb,superb
kllier,killer
oĉcurring,occuring
briges,bridges
Brien,brian
adams,adams
ʴāge,age
registéry,registry
seanierp,senior
BLes,bless
speäk,speak
germӑn,german
nastɣ,nasty
parts,parts
skyḅe,skype
snick',snick
rapid,rapid
atonic,atomic
cute,cute
cruciӕl,crucial
Relance,relevance
doom,doom
texi,taxi
fokusis,focus
hearIng,hearing
caglgare,calgary
ɞnċnɡption,encryption
puropose,purpose
taxation,taxation
asᵴetſ,asset
[orter,porter
approuch,approach
㎌inₐncing,financing
triul,trial
proofe,proof
ChAmBeR,chamber
Samford,stanford
ӊǻɘ1d,heidi
agrreed,agreed
Descreet,discreet
hummor,humour
votérŞ,voters
treeating,treating
droven,droven
greecĕ,greece
cincinatti,cincinnati
ₚareņts,parents
dependiing,depending
addition,addition
h9mrs,humours
ṟegᶖȿtrar,registrar
berrkeley,berkley
matreix,matrix
SILK,silk
primary',primary
const,constant
queenes,queens
biel,bail
mututally,mutually
Lostech,lostech
nepol,nepal
ppablisher,publisher
ǆonƹûë,bronze
publiclli,publically
rcǖğh,rough
reed',reed
cwfé,cafe
antiquies,antiques
༐mmigraɲⵜs,immigrants
courtce,courtice
jewellery,jewellery
spanc,spank
Rimmer,rimmer
loɢსdp,logics
Quatations,quotations
blvd,blvd
webster,webster
anyway,anyway
directpipeline,directpipeline
shelҼėr,sheller
fiancé,fiance
sarqńiɛed,sardines
allied,allied
stṙმin,standing
TASTE,taste
hekel,heckle
aⱦⱦ↥l↥ate,affiliate
třeɐt,treat
græham,graham
typiƨđí,typist
àffects,effects
micture,picture
databawes,databases
güest,guest
㎌aℂádēs,facades
grrowing,growing
meetup,meetup
"or,dering",ordering
eᥲuipmᏼnt,equipment
zǫlṏfₜ,olof
dōjǐn,doing
Croatus,croatia
cav,cave
IbnoᇴẫtIõn,lebanon
fitₜing,fitting
scoshy,skoshy
observation',observation
exterieur,exterior
ᶢ᥆ёёc∩ёᶢ,going
reїɢɩe,reigie
hungaroab,hungary
writtings,writings
selecdeng,selecting
universİty,univesity
authorizèd,authorized
"]hea""""der",header
jìll,jill
shef,chef
pe|opl*es,peoples
ᶂĩndɪnℊₛ,findings
sĕntence,sentence
municiǿalifҸ,municipality
inase,inase
aiims,aims
spaks,sparks
eaturing,entering
vera,vera
headquawrturs,headquaters
Adams,adams
"i""""owa",iowa
batch,batch
planded,planted
deasstincschon,destination
bsos,because
ӝeɨlinNǂŏʀ,xellinor
"s+te""""rling",sterling
minneáʚϯa,minnesota
lйmiţeđ,limited
tomatòes,tomatoes
issouri,missouri
Freeware,freeware
achievement,achievement
stepp,step
MalEs,males
blankf,blank
யr།s,iris
oldest,oldest
valantined,valentined
memow,memo
gahlaxzy,galaxy
vanezwela,venezuela
}rocks,rocks
merƨly,mercy
yeer,yeer
sſaήdard,standard
Ԛᲄo╉eⴢtive,competetive
STAFFING,staffinf
acuťë,acute
reɯiňd,rewind
зɞnveσ,denver
maintening,maintaining
Threatning,threatening
sznd,snoozed
common'sd,commissioned
dealing,dealing
attenting,attending
ȥɜsƫál,zestal
piӫying,playing
bỉended,blended
Cellier,cellar
helpiǹg,helping
liablew,liable
appartus,apparatus
mihority,minority
oὁṋțὺʂeu,ontus
enterme,endterm
imput,input
nobodyw,nobody
trưₛts,trust
parƳɨoipate,participate
franciac,france
meNeu,menu
ǎiʛЦosition,apposition
viewicture,future
ₕarmƒul,harmful
modules,modules
Wilcheri's,wheelchair
hidding,hiding
aeplpas,apples
staŋe⩍,stand
plჴyeɚ,please
pur,pure
frameve's,frames
cleealnvd,cleveland
coɾrុptℑôn,corruption
sõoîety,society
cornr,corner
AURORA,aurora
maill,mail
Ⲃenᶯes,beans
psychiatryl,psychiatry
indquesce'sl,inadequate
keppedd,keypad
lOMS,ioms
flnriedy,friendly
scњeЖгat,Schumbrat
murderr,murder
THOROUGHLY,throughly
ʀeea;c,react
crost,cost
mathe,math
perfume,perfume
ḡຣmmຣ,gums
Wedenesday,wednesday
macդinery,machinery
pnmaceelt,permanent
prómoₜeđ,promoted
chἸcʞ,click
takōbon,tacoben
swingers',swingers
predℑċtions,predictions
ignatures,signatures
sppanish,spanish
upss,ups
Platinuim,platinum
cort,cost
increasingly,increasingly
swisˢ,swiss
pa⨍ricℹℊ,pacific
guᶓstbook,guestbook
deėplẏ,deeply
sulfise,suprise
cel[ls,cells
controversial,controversial
wolter,walter
drillingn,drilling
prediction,prediction
gemat,gmat
referless,reference
alreaddhy,already
ortal,portal
shake,shake
ptnerid,partnered
iriitagron,irrigation
treatet,treated
gгâcè,grace
havinᦧ,having
THRESHOLD,threshold
schedulewed,scheduled
persecjfed,percified
ecpports,exports
")katr*i,n^a",katrina
border,border
assosiate,associate
supplemental,supplemental
romaThe,romance
late~x,latex
!con.tinent,continent
DECIDE,decide
ǳelecom,welcome
paṕua,papa
alorm,alarm
delivery,delivery
market's',markets
Python,python
repr;duce,reproduce
conditionin,conditioning
otheres,others
prcճotype,prototype
ⵡpῸatẽ,upoate
pregnant,pregnant
podcasg,podcast
seruce,seduce
pincirg,pinching
;0aved,saved
artarak,amtrack
subscgiber,subscriber
drinking',drinking
healings,healings
sefl,self
addresse's,addresse's
MEXICO,mexico
ϲжamҏɫes,examples
settle'sp,settle
iļłᵘštrateɗ,illustrated
töpiͨs,topics
mste,must
nubbraska,nebraska
iⁿdustries,industries
PENALTIES,penanties
understodd,understood
msrytey,mystery
strungly,strongly
télévisions,televisions
scared,scared
Lacated,lactated
simen,semen
iimiatngaon,imagination
knock,knock
a०re,are
wergicekfh,virginia
brokɐ,broke
lvaiecm,lava
balace,balance
caɽìƃᵇᴈǎń,carribean
throughIt,throughit
adiveced,advanced
fwclg,forward
eifecyed,efficient
ȑecommèᶮd,recommend
scolarship,scholarship
ecomomy,economy
suggest,suggest
lìes,lies
ṭhru,through
cl[iché,cliche
hhlgigtihs,highlights
eaxpwressed,expressed
kNow,know
progessing,progressing
mödeɾaₜors,moderators
ArIsTiC,arctic
tṟans໗it,transmit
renedored,rendered
apahllo,apollo
Plane,plane
buirns,burns
Қİngstcn,klingston
whyskey,whisky
lope'sh,lope'sh
sligtly,slightly
nearby,nearby
cöna,sona
oⁿˡy,only
ƨupēɾŀoɾ,superior
deseerve,deserve
solor,solar
mAkE,make
ɡallɵrieɐ,gallery
ríveṅ,riven